time,latitude,longitude,depth,mag,magType,nst,gap,dmin,rms,net,id,updated,place,type,horizontalError,depthError,magError,magNst,status,locationSource,magSource
2025-12-31T15:56:20.560Z,19.1410007476807,-155.505172729492,33.5400009155273,2.66,md,43,206,0.04316,0.170000002,hv,hv74866182,2025-12-31T16:00:10.350Z,"7 km SSW of Pāhala, Hawaii",earthquake,0.53,0.769999981,0.109033858627365,17,automatic,hv,hv
2025-12-31T15:42:25.890Z,18.1445,-65.9558333333333,21.77,2.7,md,15,110,0.1018,0.13,pr,pr71503448,2025-12-31T16:01:12.020Z,"4 km ESE of Jagual, Puerto Rico",earthquake,0.34,0.7,0.0471772136415236,7,reviewed,pr,pr
2025-12-31T15:28:38.990Z,38.8311653137207,-122.810668945312,1.82000005245209,2.95,md,83,22,0.007773,0.07,nc,nc75289026,2025-12-31T15:49:17.676Z,"8 km NW of The Geysers, CA",earthquake,0.11,0.159999996,0.12,105,automatic,nc,nc
2025-12-31T15:21:31.087Z,59.85,-152.44,78.9,2.7,ml,53,85,0.3,0.5,ak,ak2025ztiwnt,2025-12-31T15:23:02.539Z,"35 km WNW of Anchor Point, Alaska",earthquake,0,2.3331,0.8,8,automatic,ak,ak
2025-12-31T14:26:56.732Z,40.1119,142.8885,19.297,6,mww,162,85,1.548,0.68,us,us7000rlq3,2025-12-31T15:26:48.013Z,"91 km E of Noda, Japan",earthquake,6.33,4.235,0.052,35,reviewed,us,us
2025-12-31T13:51:07.438Z,-23.1457,170.8778,10,5,mb,34,117,3.208,0.84,us,us7000rlq2,2025-12-31T14:07:44.040Z,"southeast of the Loyalty Islands",earthquake,10.57,1.892,0.115,24,reviewed,us,us
2025-12-31T12:18:19.748Z,3.1544,127.7093,106.207,4.4,mb,32,120,2.722,0.61,us,us7000rlps,2025-12-31T12:54:29.040Z,"161 km NNW of Tobelo, Indonesia",earthquake,5.67,8.067,0.103,27,reviewed,us,us
2025-12-31T12:09:09.897Z,-31.2597,-73.1069,10,4.1,mb,20,206,1.805,0.31,us,us7000rlpp,2025-12-31T12:47:55.040Z,"188 km WNW of Illapel, Chile",earthquake,8.7,1.985,0.303,3,reviewed,us,us
2025-12-31T10:19:43.246Z,61.549,-141.121,5,3.3,ml,64,45,0.4,1.4,ak,ak2025zsywjq,2025-12-31T11:01:34.040Z,"96 km E of McCarthy, Alaska",earthquake,0,,0.2,9,automatic,ak,ak
2025-12-31T07:10:27.071Z,59.531,-152.236,47.1,2.5,ml,30,112,0.6,0.6,ak,ak2025zssphg,2025-12-31T07:13:12.506Z,"26 km NW of Nanwalek, Alaska",earthquake,0,7.4779,0.4,4,automatic,ak,ak
2025-12-31T06:55:16.940Z,18.21,-67.0411666666667,26.69,2.6,md,10,77,0.09283,0.09,pr,pr71503438,2025-12-31T07:12:48.660Z,"6 km SW of Las Marías, Puerto Rico",earthquake,0.33,0.88,0.0272922765949841,4,reviewed,pr,pr
2025-12-31T05:59:06.590Z,40.5349998474121,-120.662498474121,4.86999988555908,2.51,md,22,157,0.103,0.09,nc,nc75288856,2025-12-31T08:50:53.587Z,"13 km N of Susanville, CA",earthquake,0.51,0.819999993,0.17,23,automatic,nc,nc
2025-12-31T05:49:32.000Z,40.5443333333333,-120.692333333333,5.32,4.92,mw,29,62,0.08513,0.16,nc,nc75288851,2025-12-31T16:02:13.294Z,"15 km NNW of Susanville, CA",earthquake,0.23,0.84,,20,reviewed,nc,nc
2025-12-31T04:42:46.029Z,13.624,-90.4866,59.903,4.6,mb,44,140,0.74,0.85,us,us7000rln7,2025-12-31T05:08:15.040Z,"41 km SE of Iztapa, Guatemala",earthquake,9.52,8.875,0.053,108,reviewed,us,us
2025-12-31T04:35:34.549Z,60.447,-139.5885,5,2.8,ml,12,140,0.483,1.17,us,us7000rln3,2025-12-31T05:13:58.040Z,"100 km N of Yakutat, Alaska",earthquake,3.34,2.003,0.074,24,reviewed,us,us
2025-12-31T04:30:32.526Z,-2.661,121.9449,10,4.4,mb,20,92,0.894,1.07,us,us7000rln2,2025-12-31T05:23:07.040Z,"158 km NNW of Kendari, Indonesia",earthquake,6.23,1.915,0.179,10,reviewed,us,us
2025-12-31T04:04:02.609Z,60.263,-140.212,5,2.6,ml,22,78,0.2,0.8,ak,ak2025zsmkqv,2025-12-31T04:05:30.850Z,"84 km NNW of Yakutat, Alaska",earthquake,0,,0.7,4,automatic,ak,ak
2025-12-31T04:00:27.778Z,-57.1861,147.711,10,5.2,mww,30,97,6.873,0.56,us,us7000rln0,2025-12-31T04:17:07.040Z,"west of Macquarie Island",earthquake,12.03,1.916,0.093,11,reviewed,us,us
2025-12-31T03:35:57.020Z,-20.5169,134.3872,10,4.6,mb,23,82,0.581,1.27,us,us7000rlmy,2025-12-31T04:11:50.040Z,"98 km SSE of Tennant Creek, Australia",earthquake,6.9,1.87,0.222,6,reviewed,us,us
2025-12-31T02:44:24.834Z,60.151,-152.768,118.1,2.5,ml,41,65,0.2,0.6,ak,ak2025zsjuaw,2025-12-31T02:47:50.565Z,"62 km WNW of Happy Valley, Alaska",earthquake,0,2.3347,0.6,8,automatic,ak,ak
2025-12-31T01:31:02.807Z,59.543,-152.553,75.4,3.5,ml,187,75,0.4,1,ak,ak2025zshiul,2025-12-31T05:04:31.337Z,"41 km WNW of Nanwalek, Alaska",earthquake,0,1.6374,0.3,105,reviewed,ak,ak
2025-12-31T01:28:29.530Z,19.4268333333333,-65.9561666666667,14.21,3.25,md,16,264,1.089,0.25,pr,pr71503423,2025-12-31T02:10:46.550Z,"107 km N of San Juan, Puerto Rico",earthquake,2.24,4.77,0.0881206385209561,7,reviewed,pr,pr
2025-12-30T22:25:44.615Z,60.6011,-140.2482,5,3.3,ml,31,80,0.434,0.58,us,us7000rllp,2025-12-31T04:53:36.877Z,"120 km NNW of Yakutat, Alaska",earthquake,3.7,2.002,0.04,82,reviewed,us,us
2025-12-30T22:19:47.578Z,39.6543,143.2604,33.675,4.8,mww,48,122,2.028,0.54,us,us7000rllj,2025-12-31T04:14:19.040Z,"113 km E of Miyako, Japan",earthquake,8.26,5.716,0.103,9,reviewed,us,us
2025-12-30T21:27:04.700Z,36.1748333333333,-89.3813333333333,6.11,2.52,md,39,52,0.04189,0.14,nm,nm60616541,2025-12-31T14:00:38.527Z,"12 km WNW of Newbern, Tennessee",earthquake,0.21,0.55,0.0742195413510287,34,reviewed,nm,nm
2025-12-30T20:26:03.769Z,-20.6709,-63.1117,547.425,5.3,mww,98,22,2.276,0.9,us,us7000rlkk,2025-12-30T20:44:01.040Z,"31 km SE of Boyuibe, Bolivia",earthquake,10.48,7.74,0.066,22,reviewed,us,us
2025-12-30T18:03:28.010Z,40.546501159668,-120.696998596191,5.8899998664856,2.75,md,18,67,0.08197,0.11,nc,nc75288671,2025-12-31T14:21:32.806Z,"15 km NNW of Susanville, CA",earthquake,0.38,0.99000001,0.12,26,automatic,nc,nc
2025-12-30T17:31:07.068Z,62.204,-149.896,52.7,2.8,ml,37,50,0.3,0.7,ak,ak2025zrrlgh,2025-12-30T18:19:41.040Z,"5 km NNW of Susitna North, Alaska",earthquake,0,3.9587,0.3,4,automatic,ak,ak
2025-12-30T16:28:39.397Z,60.4271,-139.6733,6.108,2.7,ml,21,96,0.44,0.59,us,us7000rlj6,2025-12-30T17:44:38.040Z,"98 km N of Yakutat, Alaska",earthquake,3.15,7.719,0.057,41,reviewed,us,us
2025-12-30T15:05:31.780Z,35.509,35.3837,10,4.3,mb,38,112,1.527,0.66,us,us7000rlju,2025-12-30T18:01:14.040Z,"36 km W of Latakia, Syria",earthquake,4.25,1.936,0.133,16,reviewed,us,us
2025-12-30T13:43:09.464Z,4.6444,96.8231,10,4.5,mb,30,75,0.593,0.59,us,us7000rlim,2025-12-30T16:58:57.040Z,"63 km SSE of Bireun, Indonesia",earthquake,6.8,1.88,0.121,20,reviewed,us,us
2025-12-30T13:20:50.091Z,-27.9545,-66.662,153.104,4.2,mb,33,71,3.329,0.74,us,us7000rlig,2025-12-30T16:06:22.040Z,"53 km ESE of Londres, Argentina",earthquake,8.15,8.325,0.132,16,reviewed,us,us
2025-12-30T12:31:03.574Z,60.4911,-139.9289,5,2.9,ml,23,80,0.428,0.9,us,us7000rlia,2025-12-31T07:01:05.040Z,"105 km N of Yakutat, Alaska",earthquake,4.73,1.986,0.046,61,reviewed,us,us
2025-12-30T11:49:53.240Z,19.4095,-155.624,-0.82,2.52,ml,45,145,0.04664,0.23,hv,hv74864982,2025-12-30T20:09:46.080Z,"25 km ESE of Honaunau-Napoopoo, Hawaii",earthquake,0.41,0.72,0.183094262482081,34,reviewed,hv,hv
2025-12-30T11:22:08.302Z,-7.0134,155.273,10,5.1,mb,38,70,4.176,0.8,us,us7000rli5,2025-12-30T11:37:39.040Z,"80 km SSW of Panguna, Papua New Guinea",earthquake,6.45,1.893,0.114,25,reviewed,us,us
2025-12-30T11:12:49.454Z,60.4045,-139.6261,3.728,2.6,ml,18,82,0.44,0.66,us,us7000rli3,2025-12-30T12:08:47.040Z,"95 km N of Yakutat, Alaska",earthquake,2.87,7.75,0.062,34,reviewed,us,us
2025-12-30T11:05:26.075Z,60.356,-139.512,5,3.2,ml,40,146,0.5,0.8,ak,ak2025zreqwp,2025-12-30T12:13:29.040Z,"90 km N of Yakutat, Alaska",earthquake,0,,0.6,4,automatic,ak,ak
2025-12-30T11:02:39.118Z,31.461,-114.0618,5.655,2.9,ml,21,235,1.147,1.03,us,us7000rli0,2025-12-30T12:05:13.040Z,"48 km ESE of Golfo de Santa Clara, Mexico",earthquake,5.38,7.596,0.042,74,reviewed,us,us
2025-12-30T10:58:04.342Z,-18.1437,-178.2655,540.565,4.6,mb,38,86,2.801,0.96,us,us7000rli1,2025-12-30T11:13:40.040Z,"256 km E of Levuka, Fiji",earthquake,14.3,9.633,0.092,35,reviewed,us,us
2025-12-30T10:17:19.219Z,60.4206,-139.6135,5.005,5.1,mww,78,31,0.456,0.78,us,us7000rlhy,2025-12-31T10:43:51.804Z,"97 km N of Yakutat, Alaska",earthquake,3.06,3.975,0.048,42,reviewed,us,us
2025-12-30T08:12:24.533Z,27.5468,128.7445,10,5.5,mww,80,36,0.823,0.85,us,us7000rlha,2025-12-31T08:38:01.940Z,"20 km NNE of Wadomari, Japan",earthquake,1.48,1.818,0.051,37,reviewed,us,us
2025-12-30T08:10:43.541Z,-31.5251,-67.6441,25.915,4.4,mb,44,51,0.877,1,us,us7000rlh8,2025-12-30T13:14:55.295Z,"62 km ENE of Caucete, Argentina",earthquake,5.68,5.654,0.149,14,reviewed,us,us
2025-12-30T08:01:52.455Z,31.949,-101.459,8.9111,2.6,ml,22,73,0.2,0.1,tx,tx2025zqyosk,2025-12-30T12:59:40.040Z,"9 km NNE of Garden City, Texas",earthquake,0.42956096569192015,1.2013101819084804,0.2,13,reviewed,tx,tx
2025-12-30T07:13:07.008Z,60.148,-150.061,33.7,2.5,ml,25,122,0.3,0.6,ak,ak2025zqwysb,2025-12-30T07:16:17.046Z,"34 km W of Seward, Alaska",earthquake,0,3.4287,1.4,4,automatic,ak,ak
2025-12-30T07:12:40.268Z,31.953,-101.465,8.7158,2.9,ml,37,80,0.2,0.1,tx,tx2025zqwyhs,2025-12-30T15:09:29.488Z,"9 km N of Garden City, Texas",earthquake,0.6370904542888575,3.025559639047241,0.2,33,reviewed,tx,tx
2025-12-30T07:03:26.545Z,31.946,-101.462,8.8379,2.5,ml,30,68,0.2,0.1,tx,tx2025zqwqjm,2025-12-30T08:36:59.985Z,"9 km NNE of Garden City, Texas",earthquake,0.38069759440048445,1.0284785946805404,0.2,14,reviewed,tx,tx
2025-12-30T06:24:04.460Z,18.8953333333333,-67.5448333333333,26.63,3.26,md,5,218,0.8784,0.06,pr,pr71503398,2025-12-30T06:42:34.440Z,"64 km NW of San Antonio, Puerto Rico",earthquake,1.02,8,0.0209659377316394,5,reviewed,pr,pr
2025-12-30T06:08:06.584Z,-17.8925,-178.3999,555.388,4.6,mb,87,41,2.554,0.86,us,us7000rlge,2025-12-30T06:23:16.040Z,"242 km E of Levuka, Fiji",earthquake,11.05,7.875,0.044,158,reviewed,us,us
2025-12-30T06:00:34.046Z,58.291,-136.819,5.3,3.5,ml,35,138,0.5,0.8,ak,ak2025zquoeu,2025-12-30T07:56:27.040Z,"29 km WNW of Elfin Cove, Alaska",earthquake,0,3.1773,0.3,20,reviewed,ak,ak
2025-12-30T05:55:53.335Z,65.8577,-150.8606,5,2.5,ml,43,70,0.948,0.73,us,us7000rlga,2025-12-30T07:49:34.040Z,"50 km NW of Rampart, Alaska",earthquake,4.71,2.001,0.042,74,reviewed,us,us
2025-12-30T05:23:46.787Z,58.309,-136.851,1,3.6,ml,44,138,0.5,0.9,ak,ak2025zqtili,2025-12-30T07:38:17.040Z,"32 km WNW of Elfin Cove, Alaska",earthquake,0,3.916,0.4,24,reviewed,ak,ak
2025-12-30T04:16:18.115Z,-42.6392,83.5964,10,5,mb,42,69,11.468,0.73,us,us7000rlfw,2025-12-30T04:51:26.040Z,"Mid-Indian Ridge",earthquake,12.12,1.883,0.09,40,reviewed,us,us
2025-12-30T03:44:01.085Z,18.2023,145.5359,210.422,4.6,mb,57,95,2.955,1.24,us,us7000rlft,2025-12-30T04:00:53.040Z,"Pagan region, Northern Mariana Islands",earthquake,11.35,8.191,0.073,56,reviewed,us,us
2025-12-30T03:33:24.957Z,58.349,-137.301,8.3,3.2,ml,17,162,0.7,0.7,ak,ak2025zqprjk,2025-12-30T03:44:05.040Z,"58 km WNW of Elfin Cove, Alaska",earthquake,0,3.6042,0.6,7,automatic,ak,ak
2025-12-30T02:08:21.684Z,60.023,-152.54,97.6,2.8,ml,39,100,0.2,0.4,ak,ak2025zqmwce,2025-12-30T02:10:30.798Z,"45 km W of Happy Valley, Alaska",earthquake,0,2.6156,0.6,4,automatic,ak,ak
2025-12-29T22:47:21.032Z,43.6548,147.5633,35,4.5,mb,32,200,3.623,0.82,us,us7000rlev,2025-12-29T23:39:41.040Z,"69 km ESE of Shikotan, Russia",earthquake,7.81,1.987,0.111,24,reviewed,us,us
2025-12-29T21:50:33.341Z,-20.4113,-178.4544,600.315,4.8,mb,79,38,4.236,0.66,us,us7000rled,2025-12-30T03:59:03.040Z,"Fiji region",earthquake,11.21,4.704,0.03,344,reviewed,us,us
2025-12-29T21:28:20.120Z,18.1416666666667,-68.0043333333333,86.3,3.3,md,23,197,0.5153,0.36,pr,pr71503373,2025-12-30T03:50:34.040Z,"64 km SE of Punta Cana, Dominican Republic",earthquake,2.57,1.54,0.103085173241442,11,reviewed,pr,pr
2025-12-29T21:08:01.649Z,54.553,-160.205,38.1,3.5,ml,37,199,1.131,0.58,us,us7000rler,2025-12-30T03:42:42.040Z,"89 km SSE of Sand Point, Alaska",earthquake,4.31,26.44,0.105,12,reviewed,us,us
2025-12-29T19:42:00.657Z,-17.4563,-179.0489,549.74,4.2,mb,38,148,1.799,0.57,us,us7000rldw,2025-12-30T21:41:43.040Z,"186 km ENE of Levuka, Fiji",earthquake,12.09,8.141,0.093,32,reviewed,us,us
2025-12-29T18:39:39.718Z,64.2771,-160.0881,10.94,2.5,ml,13,100,1,0.38,us,us7000rldm,2025-12-29T19:00:41.040Z,"54 km E of Shaktoolik, Alaska",earthquake,3.76,7.024,0.071,26,reviewed,us,us
2025-12-29T17:00:06.991Z,36.1124,28.5016,42.846,4.1,mb,34,60,0.324,1.03,us,us7000rld7,2025-12-29T17:24:24.040Z,"36 km ESE of Afántou, Greece",earthquake,5.41,5.883,0.104,25,reviewed,us,us
2025-12-29T16:43:33.180Z,18.0141666666667,-66.7411666666667,13.93,2.91,md,17,133,0.1371,0.23,pr,pr71503343,2025-12-29T20:09:29.040Z,"2 km E of Magas Arriba, Puerto Rico",earthquake,0.43,1.08,0.126372175107314,12,reviewed,pr,pr
2025-12-29T16:39:00.907Z,-23.5768,69.5152,10,4.9,mb,69,53,24.162,0.64,us,us7000rld3,2025-12-29T20:20:01.040Z,"Mid-Indian Ridge",earthquake,12.28,1.824,0.08,49,reviewed,us,us
2025-12-29T15:46:22.930Z,19.8293333333333,-156.237833333333,4.03,2.61,ml,45,256,0.2718,0.27,hv,hv74864177,2025-12-29T20:24:18.040Z,"29 km WNW of Kalaoa, Hawaii",earthquake,0.87,0.96,0.184192807091026,24,reviewed,hv,hv
2025-12-29T14:43:00.656Z,0.9527,126.1152,40.752,4.6,mb,49,109,3.808,0.77,us,us7000rlcl,2025-12-29T16:24:02.040Z,"122 km ESE of Bitung, Indonesia",earthquake,11.45,6.181,0.088,39,reviewed,us,us
2025-12-29T13:26:12.630Z,34.2708333333333,-117.095333333333,7.29,2.52,ml,118,21,0.07576,0.16,ci,ci41148791,2025-12-29T20:01:10.841Z,"7 km N of Running Springs, CA",earthquake,0.09,0.3,0.124773773584125,24,automatic,ci,ci
2025-12-29T11:40:02.089Z,-5.3688,152.4689,10,5.1,mb,58,124,1.209,1.01,us,us7000rlc8,2025-12-29T11:57:43.040Z,"115 km S of Kokopo, Papua New Guinea",earthquake,6.85,1.891,0.062,85,reviewed,us,us
2025-12-29T10:34:49.399Z,68.16,-147.306,10,2.9,ml,10,127,1.2,1.5,ak,ak2025zphxqs,2025-12-29T15:04:00.709Z,"73 km W of Arctic Village, Alaska",earthquake,,0,0.2,8,automatic,ak,ak
2025-12-29T09:51:40.533Z,-5.3962,35.1013,10,4.6,mb,35,80,4.209,0.68,us,us7000rlc1,2025-12-29T10:31:26.040Z,"47 km SE of Ikungi, Tanzania",earthquake,12.21,1.92,0.1,30,reviewed,us,us
2025-12-29T08:05:17.078Z,59.5454,-136.7671,5,3.2,ml,18,109,1.383,0.65,us,us7000rlbv,2025-12-29T08:19:26.040Z,"38 km W of Mosquito Lake, Alaska",earthquake,4.03,1.98,0.053,47,reviewed,us,us
2025-12-29T05:45:03.041Z,62.138,-150.553,0.4,2.5,ml,37,46,0.3,0.9,ak,ak2025zoyhyn,2025-12-29T05:46:32.880Z,"26 km SW of Trapper Creek, Alaska",earthquake,0,2.2522,0.5,4,automatic,ak,ak
2025-12-29T05:39:24.848Z,51.9871,160.3442,10,4.7,mb,39,154,1.967,1.32,us,us7000rlbc,2025-12-29T06:09:07.040Z,"167 km SE of Petropavlovsk-Kamchatsky, Russia",earthquake,8.27,1.45,0.088,39,reviewed,us,us
2025-12-29T04:49:28.726Z,-24.0053,-66.8245,222.054,4.4,mb,19,143,1.627,0.27,us,us7000rlb2,2025-12-29T04:55:54.040Z,"56 km WNW of San Antonio de los Cobres, Argentina",earthquake,12.09,13.048,0.203,7,reviewed,us,us
2025-12-29T03:46:22.647Z,38.4623,-116.5029,7.253,2.79,ml,11,153,0.499,0.1517,nn,nn00908991,2025-12-29T04:12:50.370Z,"77 km NE of Tonopah, Nevada",earthquake,,2.5062,0.25,6,reviewed,nn,nn
2025-12-29T03:18:28.370Z,60.715,-151.868,89.1,2.8,ml,104,46,0.3,0.6,ak,ak2025zotlpj,2025-12-29T22:39:44.040Z,"31 km W of Nikiski, Alaska",earthquake,0,1.9085,0.6,4,automatic,ak,ak
2025-12-29T03:00:54.040Z,40.3930015563965,-125.100166320801,2.04999995231628,3.46,ml,80,263,0.5884,0.38,nc,nc75287946,2025-12-29T06:54:27.823Z,"69 km W of Petrolia, CA",earthquake,3.25,6.46000004,0.249,7,automatic,nc,nc
2025-12-29T02:43:48.375Z,-18.1779,-178.2385,546.256,4.4,mb,35,87,2.842,0.74,us,us7000rlan,2025-12-29T06:11:43.040Z,"259 km E of Levuka, Fiji",earthquake,11.4,7.573,0.103,27,reviewed,us,us
2025-12-29T02:18:17.620Z,-17.4828,-172.1925,10,4.7,mb,25,98,2.673,0.7,us,us7000rlai,2025-12-29T02:36:02.040Z,"229 km NE of Neiafu, Tonga",earthquake,8.6,1.844,0.134,17,reviewed,us,us
2025-12-29T02:06:38.379Z,-33.4641,-70.0595,116.89,4.1,mb,23,129,0.085,0.45,us,us7000rlag,2025-12-29T16:57:20.511Z,"48 km E of Villa Presidente Frei, Chile",earthquake,5.01,5.448,0.301,3,reviewed,us,us
2025-12-29T01:30:45.800Z,59.65,-150.291,26.5,2.6,ml,43,165,0.2,0.7,ak,ak2025zopwva,2025-12-29T01:38:35.359Z,"44 km ESE of Fox River, Alaska",earthquake,0,1.9138,0.3,4,automatic,ak,ak
2025-12-29T01:16:06.700Z,40.5458335876465,-120.68383026123,6.5,2.5,md,15,135,0.08609,0.08,nc,nc75287901,2025-12-29T17:30:41.179Z,"15 km NNW of Susanville, CA",earthquake,0.48,0.920000017,0.12,18,automatic,nc,nc
2025-12-29T00:41:14.360Z,40.547,-120.700833333333,6.78,4.7,mw,30,61,0.08067,0.14,nc,nc75287861,2025-12-31T12:52:52.659Z,"15 km NNW of Susanville, CA",earthquake,0.25,0.72,,95,reviewed,nc,nc
2025-12-28T23:44:27.753Z,57.959,-151.744,7.3,3.4,ml,44,183,0.5,0.6,ak,ak2025zomjgb,2025-12-29T03:20:35.040Z,"43 km ENE of Kodiak, Alaska",earthquake,0,3.4561,0.3,5,automatic,ak,ak
2025-12-28T23:44:13.830Z,33.8185,-120.057,8.53,2.54,ml,14,193,0.1609,0.16,ci,ci41148447,2025-12-29T03:15:43.040Z,"15 km SSE of Santa Rosa Is., CA",earthquake,0.78,1.18,0.205463954106737,28,automatic,ci,ci
2025-12-28T23:19:55.543Z,-9.0299,-79.0291,68.378,5,mb,62,61,3.642,0.5,us,us7000rl9j,2025-12-29T14:24:29.933Z,"42 km W of Puerto Santa, Peru",earthquake,11.6,5.719,0.031,336,reviewed,us,us
2025-12-28T23:14:31.206Z,57.966,-151.797,11.9,2.9,ml,48,169,0.5,0.7,ak,ak2025zoljqq,2025-12-29T02:00:42.040Z,"41 km ENE of Kodiak, Alaska",earthquake,0,3.3438,0.9,4,automatic,ak,ak
2025-12-28T22:51:30.014Z,57.944,-151.758,10.6,3.1,ml,44,184,0.5,0.7,ak,ak2025zokppc,2025-12-29T01:51:37.040Z,"42 km ENE of Kodiak, Alaska",earthquake,0,3.2415,0.6,6,automatic,ak,ak
2025-12-28T21:42:59.283Z,59.6,-152.703,80.6,2.7,ml,39,97,0.3,0.5,ak,ak2025zoihti,2025-12-28T21:44:28.809Z,"51 km WNW of Nanwalek, Alaska",earthquake,0,2.7201,0.2,4,automatic,ak,ak
2025-12-28T19:56:43.500Z,37.7548332214355,-121.935997009277,6.48000001907349,2.75,md,7,113,0.1036,0.02,nc,nc75287651,2025-12-29T18:20:53.954Z,"5 km SE of San Ramon, CA",earthquake,0.31,1.17999995,0.14,10,automatic,nc,nc
2025-12-28T19:30:05.440Z,18.7686666666667,-67.3828333333333,11.45,3.02,md,23,198,0.3553,0.23,pr,pr71503308,2025-12-28T20:24:58.360Z,"42 km NW of San Antonio, Puerto Rico",earthquake,0.58,0.68,0.0700155380239789,6,reviewed,pr,pr
2025-12-28T19:23:58.530Z,18.7675,-67.3756,8,3.46,md,23,188,0.3999,0.19,pr,pr2025362001,2025-12-28T20:00:55.334Z,"42 km NW of San Antonio, Puerto Rico",earthquake,0.61,0.65,0.08,19,reviewed,pr,pr
2025-12-28T19:02:07.580Z,37.9485015869141,-118.68083190918,16.2399997711182,3.31,ml,47,124,0.2402,0.14,nc,nc75287626,2025-12-29T04:21:26.770Z,"39 km E of Lee Vining, CA",earthquake,0.33,0.920000017,0.3,30,automatic,nc,nc
2025-12-28T18:50:49.294Z,60.4944,-139.809,10,4.3,mwr,53,66,0.457,0.8,us,us7000rl85,2025-12-29T19:19:08.121Z,"105 km N of Yakutat, Alaska",earthquake,4.22,4.647,0.045,47,reviewed,us,us
2025-12-28T18:03:50.399Z,-16.9868,-173.9835,146.745,4.6,mb,19,127,3.724,1.14,us,us7000rl80,2025-12-28T18:26:17.040Z,"115 km S of Hihifo, Tonga",earthquake,14.16,11.266,0.141,15,reviewed,us,us
2025-12-28T17:47:10.010Z,37.6611666666667,-84.4598333333333,13.71,3.12,md,16,54,0.3744,0.32,se,se60616506,2025-12-31T03:43:10.382Z,"11 km ENE of Lancaster, Kentucky",earthquake,0.56,2.27,0.0408988571556965,10,reviewed,se,se
2025-12-28T16:56:01.983Z,60.2382,-139.3387,5,2.8,ml,11,253,0.479,0.38,us,us7000rl7i,2025-12-28T17:36:22.040Z,"80 km NNE of Yakutat, Alaska",earthquake,6.6,1.986,0.066,30,reviewed,us,us
2025-12-28T15:44:30.490Z,34.2708333333333,-117.094166666667,6.97,2.58,ml,129,21,0.07481,0.16,ci,ci41148175,2025-12-31T09:15:54.990Z,"7 km N of Running Springs, CA",earthquake,0.09,0.33,0.145741945884552,25,reviewed,ci,ci
2025-12-28T14:47:31.539Z,38.439,-116.1433,3.8221,2.57,ml,7,165,0.447,0.1196,nn,nn00908973,2025-12-30T00:06:34.844Z,"94 km NNW of Rachel, Nevada",earthquake,,6.1234,0.25,4,reviewed,nn,nn
2025-12-28T14:29:54.664Z,56.134,-155.432,5,3,ml,13,186,0.3,0.6,ak,ak2025zntzfw,2025-12-28T14:32:56.904Z,"119 km SW of Akhiok, Alaska",earthquake,0,,0.4,4,automatic,ak,ak
2025-12-28T14:24:57.671Z,37.2569,-117.2738,6.2306,2.5,ml,23,79,0.045,0.1519,nn,nn00908971,2025-12-29T23:48:04.020Z,"50 km S of Goldfield, Nevada",earthquake,,1.1516,0.36,8,reviewed,nn,nn
2025-12-28T13:40:00.956Z,49.2989,156.0604,54.639,4.6,mb,27,192,3.951,0.44,us,us7000rl6y,2025-12-28T14:06:29.040Z,"153 km S of Severo-Kuril’sk, Russia",earthquake,15.05,9.603,0.091,36,reviewed,us,us
2025-12-28T13:18:58.980Z,37.7676658630371,-121.933334350586,7.32000017166138,2.59,md,50,39,0.1024,0.06,nc,nc75287496,2025-12-28T21:57:25.356Z,"4 km ESE of San Ramon, CA",earthquake,0.12,0.310000002,0.1,62,automatic,nc,nc
2025-12-28T13:09:38.657Z,-13.4851,-77.2455,10,4.6,mb,21,137,1.54,0.94,us,us7000rl6w,2025-12-28T18:40:14.960Z,"103 km WSW of San Vicente de Cañete, Peru",earthquake,14.84,1.939,0.071,59,reviewed,us,us
2025-12-28T11:42:28.032Z,59.381,-151.711,31.1,3,ml,34,178,0.6,0.4,ak,ak2025znolav,2025-12-28T14:59:13.040Z,"6 km S of Seldovia, Alaska",earthquake,0,6.3318,0.4,5,automatic,ak,ak
2025-12-28T11:40:28.477Z,60.5754,-140.1072,5,2.5,ml,22,102,0.486,1.17,us,us7000rl6q,2025-12-28T14:43:23.040Z,"116 km N of Yakutat, Alaska",earthquake,1.8,1.983,0.051,50,reviewed,us,us
2025-12-28T10:46:27.929Z,49.5077,155.5501,73.183,4.6,mb,53,170,8.91,1.21,us,us7000rl6l,2025-12-28T11:23:09.040Z,"136 km SSW of Severo-Kuril’sk, Russia",earthquake,13.34,9.455,0.064,73,reviewed,us,us
2025-12-28T10:46:14.919Z,60.068,-152.169,90.8,2.7,ml,47,98,0.4,0.3,ak,ak2025znmoph,2025-12-28T11:15:44.309Z,"27 km WNW of Happy Valley, Alaska",earthquake,0,2.6915,0.8,7,automatic,ak,ak
2025-12-28T09:55:25.214Z,13.6093,-88.5865,186.094,4.4,mb,42,151,0.292,0.96,us,us7000rl69,2025-12-28T12:22:57.040Z,"13 km NNW of Berlín, El Salvador",earthquake,10.76,4.954,0.064,71,reviewed,us,us
2025-12-28T09:54:55.890Z,37.8123,72.1437,129.733,4.3,mb,29,196,0.568,1,us,us7000rl6a,2025-12-28T12:32:16.040Z,"63 km NE of Khorugh, Tajikistan",earthquake,8.34,4.876,0.177,9,reviewed,us,us
2025-12-28T09:52:22.431Z,59.603,-153.554,121.9,2.6,ml,56,145,0.2,0.7,ak,ak2025znktyz,2025-12-28T12:14:56.040Z,"37 km ESE of Pedro Bay, Alaska",earthquake,0,3.0939,0.3,4,automatic,ak,ak
2025-12-28T08:44:55.797Z,-20.2763,-178.4757,611.182,4.5,mb,22,109,4.138,1.02,us,us7000rl63,2025-12-28T13:18:57.040Z,"Fiji region",earthquake,12.61,7.796,0.135,16,reviewed,us,us
2025-12-28T08:16:33.731Z,-20.4322,-177.8029,540.127,4.5,mb,40,178,4.743,0.54,us,us7000rl5z,2025-12-28T08:31:59.040Z,"272 km WNW of Houma, Tonga",earthquake,16.86,10.988,0.09,36,reviewed,us,us
2025-12-28T08:06:21.533Z,-20.2604,-178.6674,615.27,4.8,mb,51,110,3.986,0.81,us,us7000rl5y,2025-12-28T08:21:14.040Z,"Fiji region",earthquake,13.91,9.898,0.097,33,reviewed,us,us
2025-12-28T07:55:02.449Z,51.47,-176.28,16.8,3.4,ml,19,228,0.4,0.5,ak,ak2025zngxbp,2025-12-28T20:55:04.389Z,"51 km SSE of Adak, Alaska",earthquake,0,4.7149,0.3,14,reviewed,ak,ak
2025-12-28T04:59:06.390Z,18.0925,-68.2255,77,4.26,md,30,207,0.4493,0.32,pr,pr2025362000,2025-12-30T20:05:08.844Z,"51 km SE of Boca de Yuma, Dominican Republic",earthquake,2.029,1.52,0.06,19,reviewed,pr,pr
2025-12-28T04:36:20.260Z,-59.8223,-26.5501,34.378,5.1,mb,40,79,15.2,0.92,us,us7000rl5k,2025-12-28T04:54:47.040Z,"South Sandwich Islands region",earthquake,13.35,6.138,0.069,69,reviewed,us,us
2025-12-28T03:54:52.955Z,60.636,-139.9856,5,4,ml,20,106,0.535,0.97,us,us7000rl5h,2025-12-29T04:13:01.850Z,"122 km N of Yakutat, Alaska",earthquake,2.33,1.98,0.039,85,reviewed,us,us
2025-12-28T03:06:56.980Z,60.5261,-140.0327,5,3.1,ml,14,109,0.445,1.06,us,us7000rl5c,2025-12-28T03:32:13.040Z,"110 km N of Yakutat, Alaska",earthquake,1.54,1.975,0.066,30,reviewed,us,us
2025-12-28T02:51:50.878Z,-8.9602,-78.9738,66.413,6.2,mww,94,35,3.667,0.93,us,us7000rl57,2025-12-31T01:12:43.205Z,"36 km W of Puerto Santa, Peru",earthquake,9.15,1.819,0.052,35,reviewed,us,us
2025-12-28T02:15:50.516Z,-0.0529,100.0718,58.494,4.6,mb,28,160,2.837,0.75,us,us7000rl54,2025-12-28T03:26:36.040Z,"43 km NW of Bukittinggi, Indonesia",earthquake,9.5,8.986,0.137,18,reviewed,us,us
2025-12-28T02:11:39.271Z,-0.1226,100.1207,46.27,4.6,mb,37,153,2.913,0.84,us,us7000rl53,2025-12-28T03:16:07.040Z,"34 km NW of Bukittinggi, Indonesia",earthquake,8.5,3.769,0.116,26,reviewed,us,us
2025-12-28T02:11:27.992Z,60.4928,-139.7988,5,2.6,ml,14,125,0.458,0.77,us,us7000rl52,2025-12-28T02:26:30.040Z,"105 km N of Yakutat, Alaska",earthquake,2.98,2.001,0.066,30,reviewed,us,us
2025-12-27T23:46:43.801Z,35.42587662,-98.12866211,2.050966024,2.52,ml,36,79.30889893,0.08116749674,0.9813584476,ok,ok2025zjoe,2025-12-27T23:50:00.805Z,"17 km WNW of Union City, Oklahoma",earthquake,2.155334766,1.587379849,0.26,18,automatic,ok,ok
2025-12-27T23:21:18.392Z,35.7534,88.6751,10,4.1,mb,25,125,6.377,0.98,us,us7000rl4c,2025-12-28T04:11:05.040Z,"western Xizang",earthquake,8.08,1.963,0.158,11,reviewed,us,us
2025-12-27T22:31:30.610Z,18.8,-68.5425,42,3.53,md,11,155,0.3283,0.41,pr,pr2025361000,2025-12-28T03:40:49.040Z,"20 km NE of Otra Banda, Dominican Republic",earthquake,1.57,2.029,0.05,6,reviewed,pr,pr
2025-12-27T22:11:47.050Z,-20.9346,-178.5078,598.436,4.8,mb,53,55,4.54,0.65,us,us7000rl46,2025-12-27T22:28:47.040Z,"Fiji region",earthquake,13.03,8.725,0.036,242,reviewed,us,us
2025-12-27T22:08:24.338Z,51.5937,-175.1974,45.284,4,mb,57,212,0.599,0.92,us,us7000rl4l,2025-12-28T03:31:38.040Z,"95 km SW of Atka, Alaska",earthquake,5.67,10.469,0.102,26,reviewed,us,us
2025-12-27T18:45:14.862Z,36.9657,71.2996,190.165,4.1,mb,38,240,1.641,0.67,us,us7000rl3q,2025-12-28T14:01:41.040Z,"37 km NNW of Ashkāsham, Afghanistan",earthquake,9.57,9.074,0.12,19,reviewed,us,us
2025-12-27T18:28:24.242Z,60.5935,-139.9843,10,2.6,ml,24,82,0.517,0.71,us,us7000rl3j,2025-12-27T18:36:38.040Z,"117 km N of Yakutat, Alaska",earthquake,3.68,1.998,0.053,46,reviewed,us,us
2025-12-27T18:26:23.590Z,15.3871,120.0686,65.232,4.7,mb,54,102,7.453,0.97,us,us7000rl3l,2025-12-28T08:44:47.511Z,"9 km NNE of Mambog, Philippines",earthquake,4.5,7.525,0.068,65,reviewed,us,us
2025-12-27T18:22:47.275Z,60.474,-150.874,44.9,2.7,ml,87,58,0.3,0.8,ak,ak2025zmfzcw,2025-12-27T18:31:38.040Z,"6 km WSW of Funny River, Alaska",earthquake,0,4.4337,0.2,8,automatic,ak,ak
2025-12-27T17:44:37.048Z,29.7455,141.9521,46.141,5.1,mb,45,103,2.648,1.29,us,us7000rl3f,2025-12-28T23:06:26.892Z,"Izu Islands, Japan region",earthquake,9.04,7.25,0.077,54,reviewed,us,us
2025-12-27T17:37:19.040Z,19.0590000152588,-155.371170043945,33.2000007629395,2.75,ml,57,206,0.1288,0.140000001,hv,hv74861667,2025-12-27T18:20:13.040Z,"19 km SE of Pāhala, Hawaii",earthquake,0.45,0.689999998,0.25,25,automatic,hv,hv
2025-12-27T16:45:42.746Z,24.5968,122.0614,62.797,4.5,mb,30,67,0.599,0.54,us,us7000rl3a,2025-12-28T14:04:12.784Z,"35 km ESE of Yilan, Taiwan",earthquake,4.23,5.919,0.163,11,reviewed,us,us
2025-12-27T16:31:38.748Z,60.3976,-139.7324,10.131,2.8,ml,26,79,0.399,0.62,us,us7000rl34,2025-12-27T18:26:01.040Z,"94 km N of Yakutat, Alaska",earthquake,4.22,4.236,0.051,50,reviewed,us,us
2025-12-27T16:12:42.902Z,37.7458,-114.1432,15.9849,2.5,ml,8,143,0.849,0.2981,nn,nn00908942,2025-12-27T16:15:59.673Z,"22 km ESE of Panaca, Nevada",earthquake,,2.1501,0.37,3,automatic,nn,nn
2025-12-27T15:51:58.194Z,-21.2431,-68.8609,123.671,4.2,mb,16,126,0.618,0.35,us,us7000rl31,2025-12-27T16:29:41.040Z,"63 km W of Ollagüe, Chile",earthquake,5.77,5.21,0.175,9,reviewed,us,us
2025-12-27T15:34:51.960Z,19.1453333333333,-155.5105,35.71,3.26,ml,61,146,0.04683,0.1,hv,hv74861567,2025-12-27T19:49:58.503Z,"7 km SSW of Pāhala, Hawaii",earthquake,0.56,0.46,0.160944749827233,46,reviewed,hv,hv
2025-12-27T15:20:28.858Z,39.1606,-119.0474,5,3.65,mw,42,74,0.231,0.1321,nn,nn00908938,2025-12-28T15:34:00.720Z,"21 km NNE of Yerington, Nevada",earthquake,,1.1641,,,reviewed,nn,nn
2025-12-27T15:05:56.364Z,24.6574,122.0406,67.534,6.6,mww,80,25,0.586,0.92,us,us7000rl2n,2025-12-30T03:24:14.885Z,"31 km ESE of Yilan, Taiwan",earthquake,4.91,5.903,0.05,38,reviewed,us,us
2025-12-27T14:25:40.590Z,34.377,-118.626666666667,12.45,2.66,ml,103,16,0.05534,0.23,ci,ci41147719,2025-12-27T19:15:43.399Z,"10 km SSW of Valencia, CA",earthquake,0.16,0.37,0.145618108462217,26,automatic,ci,ci
2025-12-27T13:05:12.021Z,34.30391312,-97.58534241,3.190899611,2.77,ml,22,152.7312622,0.1100842953,0.6089306865,ok,ok2025zita,2025-12-27T13:43:14.040Z,"9 km ESE of Loco, Oklahoma",earthquake,3.525229164,1.890499788,0.35,8,automatic,ok,ok
2025-12-27T12:47:51.152Z,31.8616,-93.469,5,2.9,mb_lg,22,109,0.77,0.68,us,us7000rl22,2025-12-27T20:03:21.767Z,"6 km NE of Pleasant Hill, Louisiana",earthquake,4.04,2.004,0.154,11,reviewed,us,us
2025-12-27T12:42:49.281Z,26.721,92.3835,38.01,4.5,mb,39,148,3.171,0.9,us,us7000rl21,2025-12-27T17:38:30.552Z,"9 km WNW of Dhekiajuli, India",earthquake,11.03,9.144,0.102,28,reviewed,us,us
2025-12-27T10:40:49.667Z,-28.27,-63.1554,588.313,5.6,mww,96,33,4.248,0.74,us,us7000rl1p,2025-12-28T11:03:06.700Z,"37 km NW of Añatuya, Argentina",earthquake,9.95,7.454,0.052,36,reviewed,us,us
2025-12-27T10:26:04.931Z,-21.1312,-69.6641,68.913,4.3,mb,28,106,0.187,1.36,us,us7000rl1m,2025-12-31T07:03:55.040Z,"88 km S of La Tirana, Chile",earthquake,5.57,6.173,0.187,8,reviewed,us,us
2025-12-27T08:18:17.199Z,-6.3206,147.6422,62.335,4.7,mb,47,38,3.101,0.62,us,us7000rl18,2025-12-28T05:03:49.040Z,"34 km NW of Finschhafen, Papua New Guinea",earthquake,7.86,6.938,0.092,36,reviewed,us,us
2025-12-27T05:45:42.790Z,-20.1973,-177.6166,500.971,4.5,mb,28,97,4.677,0.81,us,us7000rl0v,2025-12-28T05:06:00.040Z,"264 km WNW of Houma, Tonga",earthquake,14.46,10.704,0.116,22,reviewed,us,us
2025-12-27T03:33:23.120Z,36.0833320617676,-120.184997558594,6.01999998092651,2.58,md,36,94,0.1111,0.06,nc,nc75286946,2025-12-27T05:12:50.040Z,"10 km NNW of Avenal, CA",earthquake,0.27,0.49000001,0.16,44,automatic,nc,nc
2025-12-27T03:29:12.407Z,56.3247,-148.7121,10,2.9,ml,24,194,2.571,0.84,us,us7000rl15,2025-12-27T23:31:33.040Z,"260 km SE of Chiniak, Alaska",earthquake,8,2.006,0.069,28,reviewed,us,us
2025-12-27T03:00:17.096Z,-5.4997,102.2421,10,4.9,mb,35,94,1.337,0.61,us,us7000rl0f,2025-12-27T03:16:03.040Z,"187 km S of Bengkulu, Indonesia",earthquake,6.85,1.528,0.119,23,reviewed,us,us
2025-12-27T02:25:15.663Z,49.6163,158.6967,10,5.1,mb,62,122,3.412,0.67,us,us7000rl0a,2025-12-27T02:44:59.040Z,"218 km ESE of Severo-Kuril’sk, Russia",earthquake,9.72,1.866,0.052,122,reviewed,us,us
2025-12-27T01:10:11.763Z,-5.5079,102.3468,10,5.2,mww,57,90,1.291,0.93,us,us7000rkzt,2025-12-27T01:26:43.040Z,"189 km S of Bengkulu, Indonesia",earthquake,7.38,1.87,0.11,8,reviewed,us,us
2025-12-27T01:00:26.055Z,31.964,-103.122,8.8135,3.3,ml,37,58,0.2,0.2,tx,tx2025zkxkwi,2025-12-27T01:52:47.317Z,"12 km NNW of Kermit, Texas",earthquake,0.9614037724841203,2.8735096295001927,0.2,53,reviewed,tx,tx
2025-12-27T00:35:16.389Z,-11.0998,-78.0904,37.994,4.6,mb,36,153,1.508,1.36,us,us7000rkzg,2025-12-28T06:02:03.337Z,"49 km W of Végueta, Peru",earthquake,10.78,7.439,0.087,42,reviewed,us,us
2025-12-27T00:22:31.387Z,-5.5328,102.3143,10,5.6,mww,72,65,1.328,0.84,us,us7000rkyz,2025-12-28T00:49:04.398Z,"191 km S of Bengkulu, Indonesia",earthquake,6.15,4.404,0.093,11,reviewed,us,us
2025-12-26T23:44:04.750Z,60.4357,-139.6503,5,2.6,ml,25,139,0.454,0.73,us,us7000rkyr,2025-12-27T00:11:48.040Z,"99 km N of Yakutat, Alaska",earthquake,3.66,1.917,0.052,49,reviewed,us,us
2025-12-26T23:02:25.018Z,-4.5682,153.2003,88.23,5.1,mb,55,119,1.099,0.66,us,us7000rkyq,2025-12-26T23:19:39.040Z,"106 km ESE of Kokopo, Papua New Guinea",earthquake,8.98,6.507,0.058,98,reviewed,us,us
2025-12-26T22:35:38.490Z,36.5828323364258,-121.21866607666,6.80999994277954,2.64,md,64,29,0.02899,0.27,nc,nc75286811,2025-12-27T01:42:20.402Z,"9 km NW of Pinnacles, CA",earthquake,0.31,0.870000005,0.16,60,automatic,nc,nc
2025-12-26T21:09:36.538Z,35.3964,135.6562,357.338,4.2,mb,73,78,1.123,0.82,us,us7000rkxy,2025-12-26T23:36:19.040Z,"13 km SW of Obama, Japan",earthquake,9.76,6.498,0.055,95,reviewed,us,us
2025-12-26T21:07:09.470Z,60.5489,-139.7457,5,4.2,ml,77,42,0.52,0.95,us,us7000rkxv,2025-12-27T23:13:06.805Z,"111 km N of Yakutat, Alaska",earthquake,3.84,1.96,0.034,116,reviewed,us,us
2025-12-26T19:27:52.376Z,-20.6298,-178.552,616.527,4.6,mb,34,88,4.304,0.87,us,us7000rkx5,2025-12-26T19:42:34.040Z,"Fiji region",earthquake,14.65,7.406,0.074,54,reviewed,us,us
2025-12-26T19:05:11.476Z,-22.4972,-68.5805,109.006,4.5,mb,37,35,0.585,1.11,us,us7000rkx1,2025-12-26T19:26:12.040Z,"35 km E of Calama, Chile",earthquake,4.18,5.582,0.113,23,reviewed,us,us
2025-12-26T17:46:51.939Z,56.811,-155.945,30.9,2.7,ml,30,189,0.9,0.5,ak,ak2025zkjbhp,2025-12-26T17:49:09.148Z,"109 km W of Akhiok, Alaska",earthquake,0,8.3102,0.5,4,automatic,ak,ak
2025-12-26T17:22:03.732Z,54.6039,-160.4872,32.972,3.1,ml,35,221,0.966,0.85,us,us7000rkyf,2025-12-27T17:07:25.040Z,"81 km S of Sand Point, Alaska",earthquake,6.63,9.01,0.091,16,reviewed,us,us
2025-12-26T16:41:04.648Z,-26.0168,178.919,568.907,4.8,mb,28,177,8.271,0.96,us,us7000rkwk,2025-12-26T16:56:42.040Z,"south of the Fiji Islands",earthquake,15.58,9.377,0.065,73,reviewed,us,us
2025-12-26T16:31:39.355Z,-8.4377,-75.1957,128.247,4.8,mb,34,110,3.882,0.74,us,us7000rkwl,2025-12-26T17:01:30.040Z,"42 km W of Campo Verde, Peru",earthquake,10.83,7.869,0.061,83,reviewed,us,us
2025-12-26T15:29:52.165Z,-4.8891,144.7642,99.677,4.4,mb,21,103,3.839,1.04,us,us7000rkwe,2025-12-26T17:08:05.040Z,"119 km WNW of Madang, Papua New Guinea",earthquake,6.88,9.563,0.127,18,reviewed,us,us
2025-12-26T15:26:27.950Z,18.5553333333333,-66.2948333333333,70.11,2.95,md,13,227,0.2359,0.25,pr,pr71503168,2025-12-26T15:44:24.280Z,"10 km NNE of Brenas, Puerto Rico",earthquake,1.52,1.03,0.171978971413298,7,reviewed,pr,pr
2025-12-26T14:57:13.256Z,60.6049,-139.9838,5,2.7,ml,22,190,0.528,0.51,us,us7000rkw8,2025-12-26T17:11:18.040Z,"118 km N of Yakutat, Alaska",earthquake,4.61,2.013,0.045,64,reviewed,us,us
2025-12-26T14:26:28.750Z,18.0878333333333,-66.1745,17.94,2.55,md,11,117,0.03147,0.2,pr,pr71503143,2025-12-26T14:37:51.640Z,"2 km SSW of Cayey, Puerto Rico",earthquake,0.53,0.4,0.199719685562147,6,reviewed,pr,pr
2025-12-26T14:19:38.249Z,-8.6255,112.782,132.365,4.4,mb,24,113,1.364,0.93,us,us7000rkw5,2025-12-26T14:54:56.040Z,"45 km S of Dampit, Indonesia",earthquake,5.89,10,0.117,21,reviewed,us,us
2025-12-26T13:07:45.856Z,41.9193,-119.5308,3.2856,2.66,ml,5,241,0.372,0.1939,nn,nn00908914,2025-12-29T21:10:05.080Z,"51 km E of Fort Bidwell, California",earthquake,,3.6915,0.06,3,reviewed,nn,nn
2025-12-26T12:39:30.190Z,34.3526666666667,-119.5225,2.67,2.94,ml,64,108,0.04682,0.31,ci,ci41147327,2025-12-26T17:38:24.820Z,"5 km S of Carpinteria, CA",earthquake,0.42,0.56,0.204435445496206,27,reviewed,ci,ci
2025-12-26T10:44:53.530Z,29.0357,138.7343,492.571,4.8,mb,84,38,3.609,0.58,us,us7000rkvl,2025-12-27T11:45:51.678Z,"Izu Islands, Japan region",earthquake,9.89,6.737,0.032,302,reviewed,us,us
2025-12-26T10:40:53.156Z,60.4293,-139.6841,5.589,2.9,ml,42,76,0.438,0.85,us,us7000rkvk,2025-12-26T12:22:55.040Z,"98 km N of Yakutat, Alaska",earthquake,4.35,7.878,0.042,76,reviewed,us,us
2025-12-26T09:50:56.444Z,-21.0765,-68.5905,128.262,4.3,mb,37,56,0.838,0.95,us,us7000rkvi,2025-12-26T12:01:09.040Z,"38 km WNW of Ollagüe, Chile",earthquake,6.93,4.433,0.126,18,reviewed,us,us
2025-12-26T09:14:20.560Z,18.5456666666667,-66.5018333333333,13.29,3.29,md,27,188,0.07308,0.27,pr,pr71503128,2025-12-26T12:08:01.040Z,"9 km N of Tierras Nuevas Poniente, Puerto Rico",earthquake,0.66,0.43,0.073494061918685,17,reviewed,pr,pr
2025-12-26T08:58:10.098Z,56.504,-148.718,19.2,3.3,ml,28,235,2.5,0.6,ak,ak2025zjrnfa,2025-12-26T22:15:55.012Z,"248 km ESE of Chiniak, Alaska",earthquake,0,15.1155,0.4,10,reviewed,ak,ak
2025-12-26T08:36:07.097Z,-14.4976,-176.8625,10,5.6,mww,25,99,4.131,1.26,us,us7000rkvc,2025-12-27T08:57:02.633Z,"136 km E of Alo, Wallis and Futuna",earthquake,11.48,1.893,0.071,19,reviewed,us,us
2025-12-26T08:03:00.586Z,30.3492,138.425,436.54,4.3,mb,69,89,3.001,0.65,us,us7000rkv9,2025-12-26T08:15:07.040Z,"Izu Islands, Japan region",earthquake,10.91,8.772,0.06,79,reviewed,us,us
2025-12-26T07:45:39.275Z,-21.0834,168.6752,10,4.9,mb,37,92,1.902,0.89,us,us7000rkv8,2025-12-26T08:01:12.040Z,"97 km ENE of Tadine, New Caledonia",earthquake,7.83,1.587,0.114,24,reviewed,us,us
2025-12-26T07:14:06.574Z,-16.2317,66.8255,10,4.8,mb,32,78,4.805,0.56,us,us7000rkv6,2025-12-26T07:33:59.040Z,"Mid-Indian Ridge",earthquake,8.51,1.8,0.105,28,reviewed,us,us
2025-12-26T07:00:39.723Z,68.816,-145.419,5,2.5,ml,28,137,0.6,0.7,ak,ak2025zjnqlw,2025-12-26T12:59:46.040Z,"77 km N of Arctic Village, Alaska",earthquake,0,,0.2,4,automatic,ak,ak
2025-12-26T06:22:10.662Z,51.6041,-175.5578,59.824,3.9,mb,22,204,0.446,0.36,us,us7000rkv5,2025-12-26T12:50:47.040Z,"80 km ESE of Adak, Alaska",earthquake,7.72,12.616,0.182,8,reviewed,us,us
2025-12-26T05:37:30.103Z,-31.0095,-69.8194,116.049,4.4,mb,44,46,0.766,0.57,us,us7000rkuv,2025-12-26T10:38:35.972Z,"52 km NW of Calingasta, Argentina",earthquake,6.15,6.987,0.106,26,reviewed,us,us
2025-12-26T05:25:52.486Z,-3.3003,143.6723,10,4.6,mb,16,94,3.066,0.9,us,us7000rkuu,2025-12-26T07:47:29.040Z,"27 km N of Wewak, Papua New Guinea",earthquake,8.4,1.923,0.146,14,reviewed,us,us
2025-12-26T05:10:50.045Z,31.529,-104.015,7.5995,2.7,ml,40,64,0,0.1,tx,tx2025zjjzqs,2025-12-26T05:25:11.118Z,"31 km NW of Toyah, Texas",earthquake,0.5252757899378195,0.5825442880422191,0.2,30,reviewed,tx,tx
2025-12-26T04:55:16.374Z,-22.5505,-67.7214,183.137,4.2,mb,24,99,0.581,0.96,us,us7000rkuq,2025-12-26T05:14:51.040Z,"63 km NE of San Pedro de Atacama, Chile",earthquake,8.69,5.24,0.177,9,reviewed,us,us
2025-12-26T04:44:01.581Z,-60.1845,-62.0992,10,5.1,mb,45,100,4.695,0.95,us,us7000rkup,2025-12-26T05:00:06.040Z,"Drake Passage",earthquake,9.09,1.869,0.073,61,reviewed,us,us
2025-12-26T02:36:42.524Z,60.5648,-139.9766,5,2.5,ml,17,110,0.49,0.89,us,us7000rku9,2025-12-26T02:51:45.040Z,"114 km N of Yakutat, Alaska",earthquake,3.13,2.004,0.06,36,reviewed,us,us
2025-12-26T01:23:59.571Z,40.5788,-119.5905,4,3.41,mw,10,272,0.423,0.1915,nn,nn00908900,2025-12-31T01:00:26.877Z,"21 km W of Empire, Nevada",earthquake,,4.3041,,,reviewed,nn,nn
2025-12-26T00:34:58.647Z,32.173,-102.161,8.4473,2.8,ml,38,78,0,0.1,tx,tx2025zjavwq,2025-12-26T01:10:28.859Z,"20 km NNW of Midland, Texas",earthquake,0.564978050804025,0.7927414357252687,0.2,43,reviewed,tx,tx
2025-12-26T00:32:14.328Z,31.652,-104.353,7.8943,2.7,ml,38,61,0.1,0.2,tx,tx2025zjatld,2025-12-26T01:13:11.314Z,"58 km S of Whites City, New Mexico",earthquake,0.9513155320885056,1.1155815393928077,0.1,37,reviewed,tx,tx
2025-12-26T00:31:49.975Z,31.666,-104.355,7.4072,2.7,ml,34,80,0.1,0.1,tx,tx2025zjatjy,2025-12-26T00:52:41.093Z,"56 km S of Whites City, New Mexico",earthquake,0.9349328370984379,1.0438116567624003,0.1,38,reviewed,tx,tx
2025-12-26T00:09:46.617Z,54.837,-157.03,13.5,4.1,ml,156,209,1.7,1,ak,ak2025zjaano,2025-12-26T06:48:27.637Z,"179 km SE of Perryville, Alaska",earthquake,0,5.1166,0.3,90,reviewed,ak,ak
2025-12-25T23:41:47.410Z,35.5488319396973,-120.791496276855,5.65999984741211,2.87,md,38,69,0.1079,0.06,nc,nc75286356,2025-12-27T22:14:56.040Z,"8 km W of Templeton, CA",earthquake,0.23,0.75,0.13,42,automatic,nc,nc
2025-12-25T23:38:02.435Z,54.9129,-157.024,10,4.2,mb,24,173,1.731,0.57,us,us7000rkts,2025-12-26T00:11:37.040Z,"174 km SE of Perryville, Alaska",earthquake,8.87,1.99,0.2,7,reviewed,us,us
2025-12-25T23:05:48.846Z,65.451,-151.511,8.2,2.6,ml,50,51,0.4,0.9,ak,ak2025zixxhg,2025-12-25T23:50:45.040Z,"40 km NE of Tanana, Alaska",earthquake,0,2.8862,0.2,30,automatic,ak,ak
2025-12-25T23:00:05.421Z,23.7132,70.4226,10,4.6,mb,56,77,13.022,0.64,us,us7000rktm,2025-12-26T05:18:59.084Z,"27 km NW of Rāpar, India",earthquake,10.01,1.879,0.067,67,reviewed,us,us
2025-12-25T22:29:10.381Z,-12.128,167.3614,283.635,4.8,mb,46,103,3.303,0.76,us,us7000rktc,2025-12-25T22:43:37.040Z,"194 km N of Sola, Vanuatu",earthquake,10.96,7.13,0.048,137,reviewed,us,us
2025-12-25T21:46:04.079Z,31.67,-104.366,6.0999,2.6,ml,32,69,0.1,0.1,tx,tx2025zivgja,2025-12-27T01:35:08.153Z,"56 km S of Whites City, New Mexico",earthquake,0.9104113178944073,0.744476658992361,0.1,26,reviewed,tx,tx
2025-12-25T21:33:25.825Z,-6.1929,147.8485,47.888,4.3,mb,25,118,3.263,0.51,us,us7000rksw,2025-12-25T22:30:01.040Z,"40 km N of Finschhafen, Papua New Guinea",earthquake,6.31,8.548,0.119,20,reviewed,us,us
2025-12-25T21:26:53.042Z,-21.5415,-68.5951,147.012,4,mb,21,106,0.653,0.71,us,us7000rkst,2025-12-25T22:22:59.040Z,"49 km SW of Ollagüe, Chile",earthquake,6.56,7.165,0.184,8,reviewed,us,us
2025-12-25T20:33:29.580Z,17.9415,-66.8465,11.85,2.67,md,15,179,0.04567,0.15,pr,pr71503113,2025-12-25T20:57:12.810Z,"6 km SE of Maria Antonia, Puerto Rico",earthquake,0.32,0.4,0.147258803833656,11,reviewed,pr,pr
2025-12-25T20:26:16.277Z,0.1619,129.6502,10,4.5,mb,39,76,1.904,0.66,us,us7000rksj,2025-12-25T21:05:46.040Z,"105 km WNW of Waisai, Indonesia",earthquake,7.35,1.886,0.11,24,reviewed,us,us
2025-12-25T20:06:36.290Z,18.4796666666667,-65.9061666666667,103.82,2.92,md,15,188,0.2391,0.25,pr,pr71503103,2025-12-25T20:23:06.350Z,"6 km NNW of Loíza, Puerto Rico",earthquake,2.19,0.95,0.158044943896444,9,reviewed,pr,pr
2025-12-25T19:53:31.621Z,31.673,-104.361,6.0999,2.7,ml,37,71,0.1,0.1,tx,tx2025zirnot,2025-12-27T01:23:13.074Z,"55 km S of Whites City, New Mexico",earthquake,0.8330444538924984,0.8624974925283427,0.2,30,reviewed,tx,tx
2025-12-25T19:44:39.739Z,31.67,-104.363,6.3049,2.6,ml,31,57,0.1,0.1,tx,tx2025zirfvs,2025-12-27T01:29:55.119Z,"56 km S of Whites City, New Mexico",earthquake,0.9781903136574662,1.0179322717775534,0.2,35,reviewed,tx,tx
2025-12-25T19:39:36.792Z,57.8739,155.6989,10,4.9,mb,83,87,3.085,0.65,us,us7000rks9,2025-12-25T20:03:55.040Z,"177 km W of Tigil’, Russia",earthquake,8.68,1.848,0.035,258,reviewed,us,us
2025-12-25T19:30:23.241Z,52.421,163.6059,10,4.5,mb,57,87,3.073,0.44,us,us7000rks4,2025-12-25T19:55:44.040Z,"off the east coast of the Kamchatka Peninsula, Russia",earthquake,11.82,1.894,0.061,79,reviewed,us,us
2025-12-25T18:50:26.874Z,31.674,-104.362,6.0999,3.5,ml,40,72,0.1,0.1,tx,tx2025ziplbw,2025-12-26T19:03:10.214Z,"55 km S of Whites City, New Mexico",earthquake,0.6881356497272278,0.6118979581861154,0.2,34,reviewed,tx,tx
2025-12-25T18:46:56.787Z,31.6435,-104.3601,5,2.5,ml,38,62,0.062,0.31,us,us7000rkrt,2025-12-25T19:08:08.804Z,"59 km S of Whites City, New Mexico",earthquake,1.01,1.702,0.064,58,reviewed,us,us
2025-12-25T18:26:37.506Z,31.668,-104.363,6.9714,3.3,ml,33,68,0.1,0.1,tx,tx2025zioqrt,2025-12-25T18:38:39.646Z,"56 km S of Whites City, New Mexico",earthquake,0.8280437984918368,0.8355491281425406,0.1,24,reviewed,tx,tx
2025-12-25T18:16:50.173Z,-40.6808,176.1401,25.174,4.5,mwr,46,58,0.081,0.74,us,us7000rkrn,2025-12-25T19:01:44.258Z,"25 km NNW of Castlepoint, New Zealand",earthquake,3.98,3.741,0.052,35,reviewed,us,us
2025-12-25T17:01:45.426Z,0.51,123.6726,258.786,4.7,mb,96,62,4.544,0.89,us,us7000rkre,2025-12-25T17:25:16.040Z,"67 km E of Gorontalo, Indonesia",earthquake,7.48,7.199,0.051,116,reviewed,us,us
2025-12-25T16:25:52.784Z,41.3153,142.3449,65.477,4.6,mb,31,178,1.102,0.53,us,us7000rkr3,2025-12-25T17:03:10.040Z,"94 km E of Mutsu, Japan",earthquake,10.42,9.942,0.103,28,reviewed,us,us
2025-12-25T16:17:42.710Z,41.2222,142.418,61.607,5.6,mww,58,103,1.112,0.79,us,us7000rkqm,2025-12-26T16:46:15.983Z,"99 km E of Yokohama, Japan",earthquake,8.26,7.39,0.093,11,reviewed,us,us
2025-12-25T15:38:08.291Z,60.4229,-139.4729,5,3.1,ml,18,163,0.509,0.71,us,us7000rkqj,2025-12-25T15:48:34.040Z,"98 km N of Yakutat, Alaska",earthquake,3.21,2.01,0.052,48,reviewed,us,us
2025-12-25T15:19:41.348Z,24.8622,97.8918,10,4.4,mb,25,169,3.888,0.74,us,us7000rkqh,2025-12-25T17:05:57.040Z,"17 km NNW of Yingjiang, China",earthquake,11.25,1.939,0.135,16,reviewed,us,us
2025-12-25T14:52:04.795Z,57.896,-154.741,80,2.8,ml,86,63,0.3,0.5,ak,ak2025zihnva,2025-12-25T14:56:37.416Z,"40 km NNW of Karluk, Alaska",earthquake,0,1.9841,0.5,48,automatic,ak,ak
2025-12-25T13:25:31.730Z,18.897,-66.3008333333333,40.77,3.12,md,20,232,0.4706,0.19,pr,pr71503088,2025-12-25T15:14:09.040Z,"47 km N of Brenas, Puerto Rico",earthquake,0.78,2.37,0.0163557181362159,16,reviewed,pr,pr
2025-12-25T13:17:02.028Z,44.302,148.947,52.622,4.8,mb,56,139,4.572,0.6,us,us7000rkqb,2025-12-25T13:47:50.040Z,"133 km SE of Kuril’sk, Russia",earthquake,10.22,7.602,0.046,148,reviewed,us,us
2025-12-25T12:44:46.807Z,60.816,-150.182,42.8,2.7,ml,62,33,0.3,0.7,ak,ak2025zidhzi,2025-12-25T13:47:00.040Z,"30 km ESE of Point Possession, Alaska",earthquake,0,5.0386,0.3,4,automatic,ak,ak
2025-12-25T12:03:38.089Z,60.5638,-139.6544,5,3.2,ml,29,68,0.556,0.97,us,us7000rkq5,2025-12-25T13:29:35.040Z,"113 km N of Yakutat, Alaska",earthquake,4.73,1.987,0.039,88,reviewed,us,us
2025-12-25T09:57:15.254Z,-26.4885,-176.3041,10,5.2,mb,49,58,9.433,1.38,us,us7000rkpt,2025-12-25T10:16:58.040Z,"south of the Fiji Islands",earthquake,9.49,1.855,0.05,131,reviewed,us,us
2025-12-25T09:34:49.911Z,60.766,-139.9832,1.452,3.9,mb,40,48,0.504,0.59,us,us7000rkpm,2025-12-26T17:13:34.040Z,"136 km N of Yakutat, Alaska",earthquake,4.91,9.505,0.257,4,reviewed,us,us
2025-12-25T08:53:52.242Z,60.4777,-139.527,3.734,2.9,ml,20,86,0.527,0.83,us,us7000rkpi,2025-12-25T13:34:25.040Z,"104 km N of Yakutat, Alaska",earthquake,2.29,9.554,0.05,52,reviewed,us,us
2025-12-25T08:48:39.750Z,18.132,-66.373,7.99,2.61,md,17,84,0.1669,0.28,pr,pr71503073,2025-12-25T09:04:34.580Z,"5 km NNW of Coamo, Puerto Rico",earthquake,0.55,1.13,0.273634966911385,10,reviewed,pr,pr
2025-12-25T08:14:47.473Z,-61.1379,-36.4424,10,5,mb,53,92,13.017,0.6,us,us7000rkpd,2025-12-25T08:30:15.040Z,"Scotia Sea",earthquake,12.41,1.875,0.083,47,reviewed,us,us
2025-12-25T08:01:18.690Z,19.1433333333333,-67.9796666666667,24.95,3.43,md,21,217,0.732,0.35,pr,pr71503063,2025-12-25T12:32:45.040Z,"76 km NE of Punta Cana, Dominican Republic",earthquake,1.81,23.7,0.110404982655378,7,reviewed,pr,pr
2025-12-25T07:58:27.950Z,47.526,-122.77416666666667,22.71,2.82,ml,124,37,0.02365,0.23,uw,uw62211567,2025-12-26T21:35:56.234Z,"5 km W of Gorst, Washington",earthquake,0.18,0.3,0.17084779481104473,114,reviewed,uw,uw
2025-12-25T07:42:49.929Z,60.075,-140.782,0.1,2.9,ml,41,132,0.3,0.9,ak,ak2025zhthxe,2025-12-25T12:30:28.040Z,"83 km NW of Yakutat, Alaska",earthquake,0,2.3888,0.2,4,automatic,ak,ak
2025-12-25T06:46:03.965Z,-15.9267,-74.8234,31.464,4.4,mb,27,103,4.379,1.29,us,us7000rknz,2025-12-25T12:26:24.040Z,"51 km WSW of Atiquipa, Peru",earthquake,9.47,6.014,0.117,21,reviewed,us,us
2025-12-25T06:25:57.544Z,60.6364,-139.9167,2.69,2.5,ml,18,109,0.567,0.74,us,us7000rknw,2025-12-25T06:47:05.040Z,"121 km N of Yakutat, Alaska",earthquake,2.31,11.004,0.056,42,reviewed,us,us
2025-12-25T05:41:44.504Z,60.4139,-139.5141,6.692,2.5,ml,19,103,0.487,0.81,us,us7000rkns,2025-12-25T06:43:38.040Z,"97 km N of Yakutat, Alaska",earthquake,2.15,9.316,0.052,48,reviewed,us,us
2025-12-25T05:14:13.100Z,18.9436666666667,-64.5318333333333,42.27,3.13,md,11,274,0.4674,0.17,pr,pr71503048,2025-12-25T05:43:28.070Z,"73 km NNE of Cruz Bay, U.S. Virgin Islands",earthquake,3.67,6.07,0.0829944360246617,4,reviewed,pr,pr
2025-12-25T04:53:15.098Z,62.032,-151.799,109.4,3.2,ml,91,43,0.1,0.6,ak,ak2025zhnruf,2025-12-25T05:01:45.040Z,"21 km WNW of Skwentna, Alaska",earthquake,0,2.2735,0.4,4,automatic,ak,ak
2025-12-25T04:29:35.580Z,-22.1061,-179.5859,618.35,4.3,mb,46,121,4.874,0.64,us,us7000rknm,2025-12-25T04:56:23.040Z,"south of the Fiji Islands",earthquake,15.95,7.753,0.101,33,reviewed,us,us
2025-12-25T03:13:48.200Z,40.3176651000977,-125.064002990723,9.4399995803833,2.82,md,16,312,0.5687,0.19,nc,nc75285951,2025-12-25T03:52:20.781Z,"66 km W of Petrolia, CA",earthquake,11.35,7.71000004,0.16,5,automatic,nc,nc
2025-12-25T03:00:52.628Z,51.3119,159.3322,35,4.5,mb,22,229,1.765,0.87,us,us7000rknj,2025-12-25T03:40:57.040Z,"191 km SSE of Vilyuchinsk, Russia",earthquake,6.07,1.961,0.14,15,reviewed,us,us
2025-12-25T02:48:05.413Z,3.1126,125.7545,132.816,4.4,mb,19,108,1.633,1.08,us,us7000rknh,2025-12-25T03:14:41.040Z,"197 km NNE of Bitung, Indonesia",earthquake,11.89,8.994,0.179,11,reviewed,us,us
2025-12-25T02:38:26.526Z,6.7302,-72.9652,161.406,4.3,mb,42,65,2.308,0.69,us,us7000rkng,2025-12-25T03:02:05.040Z,"2 km SSE of Cepitá, Colombia",earthquake,9.26,8.389,0.082,42,reviewed,us,us
2025-12-25T02:17:14.477Z,60.5767,-139.9317,5,2.8,ml,15,112,0.508,1.04,us,us7000rknf,2025-12-25T02:31:55.040Z,"115 km N of Yakutat, Alaska",earthquake,2.63,1.975,0.049,54,reviewed,us,us
2025-12-25T01:50:54.595Z,-20.3512,-177.9974,554.925,4.4,mb,25,112,4.547,0.38,us,us7000rkne,2025-12-25T02:14:04.040Z,"294 km WNW of Houma, Tonga",earthquake,15.8,7.804,0.155,12,reviewed,us,us
2025-12-25T00:38:53.378Z,-28.8023,-71.5339,28.526,4.2,mb,29,161,0.72,1.07,us,us7000rkn7,2025-12-25T01:05:09.040Z,"79 km WSW of Vallenar, Chile",earthquake,4.56,2.986,0.159,11,reviewed,us,us
2025-12-25T00:04:50.130Z,18.9553333333333,-155.553166666667,40.13,3.2,ml,48,267,0.1112,0.12,hv,hv74859777,2025-12-29T22:01:32.380Z,"12 km SSE of Naalehu, Hawaii",earthquake,0.73,0.85,0.164331523741548,36,reviewed,hv,hv
2025-12-24T23:27:21.049Z,31.667,-104.357,6.5613,2.6,ml,38,57,0.1,0.1,tx,tx2025zhcwyq,2025-12-26T00:08:54.541Z,"56 km S of Whites City, New Mexico",earthquake,0.716150396061421,0.666973672199036,0.1,34,reviewed,tx,tx
2025-12-24T23:00:09.544Z,43.6166,148.0299,32.101,4.9,mb,53,140,3.926,1.01,us,us7000rkml,2025-12-24T23:15:53.040Z,"107 km ESE of Shikotan, Russia",earthquake,10.34,6.142,0.069,65,reviewed,us,us
2025-12-24T22:37:32.301Z,11.7877,143.2303,10,5.1,mww,75,87,4.235,0.87,us,us7000rkmf,2025-12-30T22:47:37.223Z,"226 km SW of Merizo Village, Guam",earthquake,10.43,1.87,0.086,13,reviewed,us,us
2025-12-24T22:37:31.187Z,72.1377,1.2825,10,5.1,mww,57,66,7.165,0.75,us,us7000rkmg,2025-12-24T23:02:53.040Z,"Norwegian Sea",earthquake,8.24,1.882,0.08,15,reviewed,us,us
2025-12-24T21:44:48.887Z,72.0949,1.0697,10,4.4,mb,41,96,7.232,0.6,us,us7000rkm9,2025-12-24T22:15:16.040Z,"Norwegian Sea",earthquake,9.39,1.928,0.092,34,reviewed,us,us
2025-12-24T21:37:51.147Z,58.3744,-32.2422,10,4.9,mb,59,74,7.213,0.73,us,us7000rkm7,2025-12-24T21:55:09.040Z,"Reykjanes Ridge",earthquake,9.53,1.889,0.041,186,reviewed,us,us
2025-12-24T21:05:16.296Z,6.3202,123.9547,539.225,4.1,mb,38,67,1.777,0.97,us,us7000rklx,2025-12-24T21:25:06.040Z,"17 km SW of Sangay, Philippines",earthquake,11.69,8.82,0.091,33,reviewed,us,us
2025-12-24T20:06:53.948Z,-22.7731,170.8935,10,4.3,mb,23,186,3.187,1.17,us,us7000rklv,2025-12-29T20:45:15.040Z,"southeast of the Loyalty Islands",earthquake,11.09,1.907,0.161,11,reviewed,us,us
2025-12-24T20:03:25.480Z,34.0011672973633,-116.768997192383,14.6400003433228,2.98161907920025,ml,104,24,0.08809,0.209999993,ci,ci41146799,2025-12-25T20:20:33.816Z,"9 km N of Cabazon, CA",earthquake,0.22,0.479999989,0.279320150613785,16,reviewed,ci,ci
2025-12-24T19:41:12.201Z,22.9072,121.2203,9.13,4.3,mb,26,71,0.157,0.79,us,us7000rkl6,2025-12-24T20:02:36.040Z,"81 km ESE of Yujing, Taiwan",earthquake,3.47,4.798,0.16,11,reviewed,us,us
2025-12-24T19:36:54.700Z,37.7433333333333,-121.95,9.11,2.97,ml,158,14,0.03679,0.21,nc,nc75285821,2025-12-28T13:27:08.300Z,"5 km NNW of Dublin, CA",earthquake,0.13,0.25,0.154,105,reviewed,nc,nc
2025-12-24T19:24:49.023Z,12.3893,-87.9555,52.577,4.3,mb,38,196,0.962,0.89,us,us7000rklb,2025-12-29T21:08:14.040Z,"67 km SW of Jiquilillo, Nicaragua",earthquake,13.36,12.636,0.095,31,reviewed,us,us
2025-12-24T18:54:45.060Z,58.3678,-32.2106,10,4.6,mb,41,130,7.231,1.03,us,us7000rkl9,2025-12-24T20:32:12.040Z,"Reykjanes Ridge",earthquake,6.66,1.947,0.088,38,reviewed,us,us
2025-12-24T17:08:40.800Z,33.9905,-118.9085,13.7,2.64,ml,86,107,0.08558,0.28,ci,ci41146743,2025-12-26T16:30:41.619Z,"9 km W of Malibu, CA",earthquake,0.35,0.49,0.0928775806891395,26,reviewed,ci,ci
2025-12-24T15:00:35.225Z,11.7649,143.364,10,5.7,mww,164,62,4.179,0.57,us,us7000rkkk,2025-12-31T15:10:39.444Z,"218 km SW of Merizo Village, Guam",earthquake,9.45,1.84,0.048,41,reviewed,us,us
2025-12-24T13:33:58.121Z,13.0455,144.6313,50.646,5,mb,88,136,2.449,0.5,us,us7000rkke,2025-12-31T13:44:03.675Z,"24 km S of Merizo Village, Guam",earthquake,12.1,7.755,0.048,141,reviewed,us,us
2025-12-24T12:33:55.680Z,19.0873333333333,-64.2605,24.47,3.31,md,9,299,0.6089,0.17,pr,pr71503028,2025-12-25T08:29:05.752Z,"100 km NE of Cruz Bay, U.S. Virgin Islands",earthquake,1.98,15.44,0.182584515235266,6,reviewed,pr,pr
2025-12-24T12:19:16.500Z,17.9613333333333,-66.8095,12.37,2.53,md,11,168,0.0608,0.3,pr,pr71503018,2025-12-24T12:36:41.840Z,"3 km SSE of Indios, Puerto Rico",earthquake,0.7,0.72,0.0680397677030509,6,reviewed,pr,pr
2025-12-24T12:18:18.838Z,-32.4057,-71.3988,45.214,4.2,mb,22,131,0.51,0.53,us,us7000rkk2,2025-12-24T13:36:58.040Z,"16 km WNW of La Ligua, Chile",earthquake,4.28,9.257,0.305,3,reviewed,us,us
2025-12-24T12:12:18.353Z,-18.6761,-175.6667,275.894,4.4,mb,33,149,5.214,0.87,us,us7000rkk5,2025-12-24T12:29:30.040Z,"177 km W of Neiafu, Tonga",earthquake,14.57,9.122,0.098,30,reviewed,us,us
2025-12-24T11:49:03.463Z,51.7052,-175.0624,35,3.9,mb,44,192,0.73,1.04,us,us7000rkk0,2025-12-24T21:04:46.487Z,"80 km SW of Atka, Alaska",earthquake,12.11,2.007,0.08,41,reviewed,us,us
2025-12-24T11:34:39.326Z,-24.1726,179.993,529.106,4.5,mb,22,155,6.647,0.45,us,us7000rkjz,2025-12-24T11:51:48.040Z,"south of the Fiji Islands",earthquake,18.84,12.407,0.118,21,reviewed,us,us
2025-12-24T10:57:04.439Z,51.4172,-174.9359,41.684,4.8,mb,116,151,0.909,0.59,us,us7000rkjw,2025-12-24T20:51:15.447Z,"100 km SSW of Atka, Alaska",earthquake,8.45,7.432,0.045,155,reviewed,us,us
2025-12-24T10:27:18.709Z,60.457,-139.6634,4.245,2.7,ml,18,91,0.466,0.66,us,us7000rkjs,2025-12-24T13:26:33.040Z,"101 km N of Yakutat, Alaska",earthquake,2.28,9.911,0.052,48,reviewed,us,us
2025-12-24T09:47:06.464Z,22.8505,121.2069,10,6,mww,92,38,0.122,1.12,us,us7000rkjm,2025-12-27T15:33:29.814Z,"2025 Taitung, Taiwan Earthquake",earthquake,5.76,1.828,0.043,52,reviewed,us,us
2025-12-24T07:00:19.819Z,59.046,-152.274,56.9,2.8,ml,104,108,0.7,0.6,ak,ak2025zfweno,2025-12-25T07:01:02.040Z,"40 km SSW of Nanwalek, Alaska",earthquake,0,4.1252,0.4,25,automatic,ak,ak
2025-12-24T06:10:11.196Z,-22.5911,-68.9864,110.713,4.3,mb,37,49,0.553,0.95,us,us7000rkj7,2025-12-24T07:17:59.040Z,"16 km SSW of Calama, Chile",earthquake,4.61,7.184,0.13,17,reviewed,us,us
2025-12-24T05:50:52.056Z,8.3761,127.5725,10,4.7,mb,46,53,2.364,0.98,us,us7000rkj5,2025-12-24T07:39:13.040Z,"127 km E of Barcelona, Philippines",earthquake,6.6,1.75,0.081,46,reviewed,us,us
2025-12-24T05:30:31.703Z,-4.6197,102.4545,59.634,4.8,mb,50,94,0.562,1.05,us,us7000rkj2,2025-12-24T06:57:31.040Z,"92 km SSE of Bengkulu, Indonesia",earthquake,3.06,7.069,0.081,47,reviewed,us,us
2025-12-24T03:50:09.547Z,41.2502,-116.7046,6,3.97,mw,19,208,0.367,0.1188,nn,nn00908879,2025-12-31T00:55:55.012Z,"61 km NE of Valmy, Nevada",earthquake,,2.1926,,,reviewed,nn,nn
2025-12-24T03:14:52.633Z,51.292,-174.875,8.1,3.5,ml,25,261,1,0.4,ak,ak2025zfosce,2025-12-24T07:52:20.543Z,"110 km SSW of Atka, Alaska",earthquake,0,6.1396,0.2,18,reviewed,ak,ak
2025-12-24T03:12:29.653Z,-5.9028,149.5503,135.275,4,mb,25,143,3.109,0.46,us,us7000rkin,2025-12-24T03:42:50.040Z,"33 km N of Kandrian, Papua New Guinea",earthquake,6.54,10.118,0.119,19,reviewed,us,us
2025-12-24T02:26:38.103Z,-18.2133,-177.6749,612.289,4.4,mb,38,170,3.308,0.73,us,us7000rkib,2025-12-24T02:54:46.040Z,"Fiji region",earthquake,17.4,11.399,0.101,28,reviewed,us,us
2025-12-24T01:55:53.506Z,19.3142,39.2693,10,4.4,mb,25,96,6.805,0.72,us,us7000rki8,2025-12-24T02:37:01.040Z,"189 km ENE of Tokār, Sudan",earthquake,12.81,1.932,0.085,40,reviewed,us,us
2025-12-24T01:55:39.834Z,59.931,-141.694,2.8,2.5,ml,37,154,0.3,1,ak,ak2025zfmbwx,2025-12-24T02:47:41.040Z,"118 km WNW of Yakutat, Alaska",earthquake,0,1.9908,0.3,13,automatic,ak,ak
2025-12-24T01:26:05.191Z,62.317,-151.76,99.6,3.4,ml,98,49,0.4,1,ak,ak2025zflbvh,2025-12-24T01:48:26.040Z,"41 km NNW of Skwentna, Alaska",earthquake,0,2.9966,0.7,2,automatic,ak,ak
2025-12-24T01:05:20.807Z,-32.3616,-71.415,52.551,4.5,mwr,57,134,0.49,0.71,us,us7000rkhs,2025-12-24T10:39:28.524Z,"20 km WNW of La Ligua, Chile",earthquake,3.78,4.829,0.045,48,reviewed,us,us
2025-12-24T00:50:44.128Z,59.437,-152.618,80.7,2.6,ml,39,104,0.4,0.3,ak,ak2025zfjxxc,2025-12-24T01:01:25.040Z,"40 km WNW of Nanwalek, Alaska",earthquake,0,3.2444,0.1,6,automatic,ak,ak
2025-12-24T00:15:05.696Z,51.6792,-177.9916,78.252,2.6,ml,14,200,0.095,0.15,us,us7000rkih,2025-12-24T21:55:52.040Z,"96 km WSW of Adak, Alaska",earthquake,6.6,5.058,0.128,8,reviewed,us,us
2025-12-24T00:08:49.100Z,19.5956,-66.0323,40,3.53,md,15,265,1.2875,0.35,pr,pr2025358000,2025-12-24T00:35:20.253Z,"125 km N of San Juan, Puerto Rico",earthquake,3.73,22.64,0.1,11,reviewed,pr,pr
2025-12-24T00:06:26.070Z,19.6115,-66.0893333333333,17.98,3.35,md,13,228,1.312,0.35,pr,pr71502998,2025-12-24T01:08:00.970Z,"126 km N of San Juan, Puerto Rico",earthquake,1.52,4.44,0.0205327369698658,5,reviewed,pr,pr
